product-id,customer-rating,comment,date,count
13-Ultra Subwoofer,extremely satisfied,Incredible bass response that transformed my home theater setup completely,2024-03-15,23
2M Blue Cartridge,works as described,Good tracking and clear sound reproduction for the price point,2024-07-02,18
4312SE,satisfied,Solid build quality though could use better highs,2024-05-18,31
4367,extremely satisfied,Outstanding clarity and soundstage - worth every penny,2024-01-29,27
606 S2 Anniversary,works as described,Decent bookshelf speakers with good mid-range performance,2024-04-11,19
607 S2 Anniversary,satisfied,Nice upgrade from my previous speakers but expected more bass,2024-06-23,22
702 S2,extremely satisfied,Exceptional detail retrieval and imaging - highly recommended,2024-02-07,35
704 S2,works as described,Clean sound with good dynamics for the size,2024-08-14,16
707 S2,satisfied,Good floorstanding speakers but lacking in deep bass extension,2024-03-30,28
801 D4,extremely satisfied,Reference quality sound with incredible build - absolute perfection,2024-05-03,42
803 D4,satisfied,Great speakers but require significant power to shine,2024-01-16,33
805 D4,works as described,Solid performance though not as refined as expected,2024-07-28,24
A1,extremely satisfied,Perfect desktop speakers with amazing wireless connectivity,2024-04-07,29
A3,satisfied,Good sound quality but the app could be more intuitive,2024-02-21,17
A5,works as described,Decent active speakers with adequate wireless features,2024-06-10,15
Adante AS-61,extremely satisfied,Incredible detail and dynamics - audiophile grade performance,2024-03-25,38
Alpha AM5,satisfied,Good starter speakers with decent build quality,2024-05-12,21
Antal EZ,works as described,Solid French engineering with good musicality,2024-01-08,26
Aria 926,extremely satisfied,Beautiful sound with excellent cabinet resonance control,2024-07-16,34
Aria 936,satisfied,Nice floorstanding speakers but could use better tweeter integration,2024-04-19,30
AT-LP120XUSB,works as described,Reliable turntable with good build quality and features,2024-02-14,41
AV7706,extremely satisfied,Outstanding processing power and room correction capabilities,2024-06-05,25
AV8805A,satisfied,Good preamp processor but interface could be more user-friendly,2024-08-01,19
AVC-A1H,extremely satisfied,Flagship quality with incredible processing and connectivity,2024-03-11,47
AVM 90,works as described,Solid performance with good room correction features,2024-05-27,32
AVR-A110,extremely satisfied,Exceptional power and clarity - perfect for large rooms,2024-01-22,36
AVR-S970H,satisfied,Good entry-level receiver with adequate power output,2024-07-09,28
AVR-X1700H,works as described,Decent receiver for the price with good connectivity options,2024-04-03,33
AVR-X2700H,satisfied,Solid mid-range receiver but runs quite warm under load,2024-02-18,39
AVR-X3700H,extremely satisfied,Excellent receiver with great room correction and power,2024-06-26,44
AVR-X4700H,satisfied,Good high-end receiver but complex setup process,2024-08-12,31
AVR-X6700H,extremely satisfied,Reference quality receiver with incredible processing power,2024-05-08,52
BartÃ³k DAC,extremely satisfied,Stunning digital conversion with incredible detail and dynamics,2024-01-05,29
BDA-3.14 DAC,satisfied,Good DAC with solid performance but limited connectivity,2024-07-22,23
Blade Two Meta,extremely satisfied,Revolutionary design with breathtaking sound quality,2024-03-07,58
Borea BR03,works as described,Decent bookshelf speakers with good value proposition,2024-04-26,18
Borea BR08,satisfied,Good floorstanding speakers with nice cabinet finish,2024-02-11,27
Bronze 200 6G,works as described,Solid entry-level speakers with adequate performance,2024-06-17,22
Bronze 500 6G,satisfied,Good upgrade with better dynamics than previous generation,2024-08-03,25
C 658 BluOS,extremely satisfied,Excellent streaming capabilities with outstanding sound quality,2024-05-14,37
Carina BS243.4,satisfied,Good bookshelf speakers but could use better bass extension,2024-01-31,20
CD6007 CD Player,works as described,Reliable CD player with good build quality,2024-07-05,16
Chora 826,extremely satisfied,Beautiful sound with excellent cabinet construction,2024-03-20,35
Classic 62 Preamp,satisfied,Good preamp with solid performance but limited features,2024-04-15,24
CMT-340 SE,works as described,Decent center channel with adequate dialogue clarity,2024-02-28,19
Concept Turntable,extremely satisfied,Beautiful design with outstanding sound quality,2024-06-11,33
Concerta2 F36,satisfied,Good tower speakers with decent dynamics,2024-08-07,28
Cornwall IV,extremely satisfied,Incredible efficiency and dynamics - heritage sound at its best,2024-05-01,48
CX-A5200,works as described,Solid preamp processor with good room correction,2024-01-18,26
CXN V2 Streamer,satisfied,Good streaming capabilities but interface could be improved,2024-07-30,31
D-03X CD Player,extremely satisfied,Reference quality CD playback with stunning detail,2024-03-13,41
D50s DAC,works as described,Decent DAC with good performance for the price,2024-04-08,22
DAC 2.1x Balanced,satisfied,Good DAC with solid build quality and connectivity,2024-02-04,27
DAC3 HGC,extremely satisfied,Outstanding digital conversion with incredible dynamics,2024-06-29,38
DAC9,satisfied,Good performance but could use better analog output stage,2024-08-15,24
DacMagic 100,works as described,Reliable entry-level DAC with adequate performance,2024-05-21,18
Debut 2.0 F6.2,satisfied,Good floorstanding speakers with decent build quality,2024-01-11,25
Debut B6.2,works as described,Solid bookshelf speakers with good value,2024-07-18,21
Debut Carbon EVO,extremely satisfied,Excellent turntable with outstanding build quality and performance,2024-03-04,45
Debut Reference DBR62,satisfied,Good bookshelf speakers with nice cabinet construction,2024-04-22,29
Diamond 12.1,works as described,Decent bookshelf speakers with adequate dynamics,2024-02-16,17
Diamond 12.3,satisfied,Good tower speakers with solid performance,2024-06-07,32
DragonFly Red DAC,extremely satisfied,Incredible portable DAC with outstanding sound quality,2024-08-10,26
Eclipse 8 Speaker Cable,works as described,Good quality cable with solid construction,2024-05-04,14
Electra 1028 Be,extremely satisfied,Stunning beryllium tweeter with incredible detail and dynamics,2024-01-25,54
Elite-15 PFi,satisfied,Good subwoofer with decent bass extension,2024-07-13,23
Esprit Comete EZ,works as described,Decent bookshelf speakers with good French engineering,2024-03-28,20
EVO4.1,satisfied,Good bookshelf speakers with solid build quality,2024-04-12,28
EVO4.2,works as described,Adequate center channel with decent dialogue clarity,2024-02-09,16
EVO4.4,extremely satisfied,Excellent floorstanding speakers with outstanding dynamics,2024-06-24,39
F228Be,extremely satisfied,Reference quality with beryllium tweeter - absolutely stunning,2024-08-06,51
F36,satisfied,Good tower speakers with decent performance for the price,2024-05-17,30
Fono MM MK3,works as described,Solid phono preamp with good RIAA accuracy,2024-01-03,19
Forte IV,extremely satisfied,Incredible efficiency and dynamics - heritage sound perfection,2024-07-27,46
Gold 300 5G,satisfied,Good bookshelf speakers with nice cabinet finish,2024-03-16,27
HDI-3800,extremely satisfied,Outstanding three-way design with incredible soundstage,2024-04-29,43
Heresy IV,extremely satisfied,Incredible efficiency and clarity - perfect for tube amps,2024-02-12,42
Hugo 2 DAC,extremely satisfied,Portable reference quality with stunning sound,2024-06-15,37
Imagine T3,satisfied,Good tower speakers with decent dynamics,2024-08-02,25
Imagine T54,works as described,Adequate performance with good build quality,2024-05-10,22
Imagine T65,extremely satisfied,Outstanding flagship with incredible detail and dynamics,2024-01-28,49
Imagine X1T,satisfied,Good bookshelf speakers with solid construction,2024-07-11,24
Imagine X2T,works as described,Decent bookshelf speakers with adequate performance,2024-03-22,18
ISO-PUCK minis,extremely satisfied,Incredible isolation improvement - night and day difference,2024-04-16,35
Jubilee,extremely satisfied,Heritage horn sound with modern refinement - absolutely incredible,2024-02-05,63
K-05XD SACD,extremely satisfied,Reference quality SACD/CD player with stunning detail,2024-06-20,41
Kanta No2,extremely satisfied,Stunning beryllium/flax design with incredible dynamics,2024-08-13,56
L100 Classic,extremely satisfied,Vintage JBL sound with modern refinement - absolutely love them,2024-05-07,44
L2i Integrated,satisfied,Good integrated amplifier with solid build quality,2024-01-20,28
L82 Classic,works as described,Decent bookshelf speakers with good vintage styling,2024-07-25,26
La Scala AL5,extremely satisfied,Incredible efficiency and dynamics - horn perfection,2024-03-10,52
Legend L600,satisfied,Good bookshelf speakers with decent performance,2024-04-06,29
Legend L800,extremely satisfied,Outstanding tower speakers with incredible detail,2024-02-23,38
LINTON Heritage,extremely satisfied,Beautiful vintage styling with outstanding musicality,2024-06-12,47
LS50 Meta,extremely satisfied,Revolutionary Metamaterial technology with stunning clarity,2024-08-08,61
LS50 Wireless II,extremely satisfied,Perfect active speakers with incredible wireless performance,2024-05-24,55
LSiM703,satisfied,Good bookshelf speakers with decent build quality,2024-01-14,27
LSiM705,works as described,Adequate center channel with decent dialogue clarity,2024-07-19,20
LSiM707,extremely satisfied,Outstanding tower speakers with incredible dynamics,2024-03-06,41
M2,extremely satisfied,Professional monitor quality with stunning accuracy,2024-04-24,59
Magellan Duetto,satisfied,Good bookshelf speakers with nice French engineering,2024-02-17,25
Magellan Quatuor,extremely satisfied,Outstanding tower speakers with incredible refinement,2024-06-08,43
MB50 Streamer,works as described,Decent streaming capabilities with good connectivity,2024-08-04,21
MC275 Tube Amp,extremely satisfied,Legendary tube sound with incredible warmth and dynamics,2024-05-13,48
MMF-2.3 Turntable,satisfied,Good entry-level turntable with decent performance,2024-01-09,23
Modi 3+ DAC,works as described,Reliable budget DAC with good performance,2024-07-26,19
Mojo 2 DAC/Amp,extremely satisfied,Incredible portable performance with stunning sound quality,2024-03-18,34
Moon 280D DAC,extremely satisfied,Reference quality DAC with incredible detail and dynamics,2024-04-13,42
MRX 1120,satisfied,Good receiver with solid performance but complex setup,2024-02-01,31
MRX 1140,extremely satisfied,Outstanding flagship receiver with incredible processing power,2024-06-25,45
MRX 520,works as described,Decent entry-level receiver with adequate features,2024-08-11,24
MRX 540,satisfied,Good mid-range receiver with solid performance,2024-05-19,28
MRX 720,extremely satisfied,Excellent receiver with outstanding room correction,2024-01-26,39
MRX 740,satisfied,Good high-end receiver but runs quite warm,2024-07-14,33
MusicLink Super,works as described,Good quality interconnects with solid construction,2024-03-31,15
Navis ARB-51,extremely satisfied,Outstanding active bookshelf speakers with incredible detail,2024-04-18,36
NewClassic 200 Integrated,satisfied,Good integrated amplifier with decent power output,2024-02-13,26
Opus 2-3,works as described,Decent bookshelf speakers with adequate performance,2024-06-19,22
Performa3 F206,extremely satisfied,Outstanding floorstanding speakers with incredible dynamics,2024-08-09,44
Performa3 F208,extremely satisfied,Reference quality towers with stunning detail and imaging,2024-05-05,50
Performa3 M106,satisfied,Good bookshelf speakers with solid build quality,2024-01-17,30
PH 9.0XT Phono,extremely satisfied,Outstanding phono preamp with incredible detail and dynamics,2024-07-21,35
Planar 1 Turntable,works as described,Good entry-level turntable with decent build quality,2024-03-14,20
Planar 3 Turntable,extremely satisfied,Excellent turntable with outstanding performance and build,2024-04-10,43
Platinum PL200 II,satisfied,Good bookshelf speakers with decent dynamics,2024-02-06,25
Platinum PL500 II,extremely satisfied,Outstanding tower speakers with incredible detail,2024-06-14,40
Prime Bookshelf,works as described,Decent bookshelf speakers with good value,2024-08-05,27
Prime Pinnacle,extremely satisfied,Outstanding tower speakers with incredible dynamics and detail,2024-05-22,47
Prime Scout Turntable,satisfied,Good turntable with solid performance but could use better cartridge,2024-01-12,32
Prime Tower,extremely satisfied,Excellent tower speakers with outstanding build quality,2024-07-17,41
Q3,satisfied,Good bookshelf speakers with decent performance,2024-03-27,24
Q750,works as described,Adequate tower speakers with decent dynamics,2024-04-21,28
Qutest DAC,extremely satisfied,Outstanding portable DAC with incredible sound quality,2024-02-19,38
R11 Meta,extremely satisfied,Revolutionary Metamaterial technology with stunning performance,2024-06-16,53
R3 Meta,extremely satisfied,Incredible bookshelf speakers with outstanding clarity,2024-08-01,46
R7 Meta,extremely satisfied,Reference quality towers with breathtaking dynamics,2024-05-09,57
Ragnarok 2 Amp,extremely satisfied,Incredible power and clarity - reference quality amplification,2024-01-24,40
Reference 3,extremely satisfied,Legendary KEF sound with modern refinement,2024-07-08,62
Reserve R200,satisfied,Good bookshelf speakers with solid build quality,2024-03-21,29
Reserve R700,extremely satisfied,Outstanding tower speakers with incredible detail and dynamics,2024-04-27,44
RF-7 III,extremely satisfied,Incredible efficiency and dynamics - perfect for large rooms,2024-02-15,49
Rhea Eclipse Phono,extremely satisfied,Outstanding phono preamp with incredible detail,2024-06-13,37
RP-600M,works as described,Decent bookshelf speakers with good build quality,2024-08-07,26
RP-8000F,satisfied,Good tower speakers with decent dynamics,2024-05-16,33
RX-A1080,satisfied,Good receiver with solid performance but dated interface,2024-01-07,30
RX-A2A,extremely satisfied,Excellent receiver with outstanding room correction,2024-07-24,42
RX-A3080,satisfied,Good high-end receiver but complex setup process,2024-03-09,35
RX-A4A,extremely satisfied,Outstanding flagship receiver with incredible processing,2024-04-04,48
RX-A6A,extremely satisfied,Reference quality receiver with stunning performance,2024-02-22,51
RX-A8A,extremely satisfied,Flagship perfection with incredible power and clarity,2024-06-27,64
RX-V2085,satisfied,Good mid-range receiver with decent features,2024-08-14,31
RX-V385,works as described,Adequate entry-level receiver with basic features,2024-05-11,18
RX-V4A,satisfied,Good receiver with solid performance and connectivity,2024-01-30,29
RX-V685,works as described,Decent mid-range receiver with good value,2024-07-12,25
RX-V6A,extremely satisfied,Excellent receiver with outstanding room correction,2024-03-05,39
S1 Mk II,satisfied,Good bookshelf speakers with decent build quality,2024-04-14,27
S3 Mk II,extremely satisfied,Outstanding bookshelf speakers with incredible detail,2024-02-08,36
Sierra RAAL,extremely satisfied,Incredible ribbon tweeter with stunning detail and clarity,2024-06-21,42
Sierra Tower,extremely satisfied,Outstanding tower speakers with incredible dynamics,2024-08-12,45
Sierra-1 NrT,satisfied,Good bookshelf speakers with solid performance,2024-05-06,28
Sierra-2EX,extremely satisfied,Incredible detail and dynamics - reference quality,2024-01-21,41
Sierra-2EX Tower,extremely satisfied,Outstanding tower version with incredible soundstage,2024-07-29,47
Sierra-LX,works as described,Decent bookshelf speakers with good build quality,2024-03-17,23
Signature Alpha,satisfied,Good bookshelf speakers with decent performance,2024-04-09,26
Silver 100 7G,extremely satisfied,Outstanding bookshelf speakers with incredible detail,2024-02-03,38
Silver 300,satisfied,Good center channel with decent dialogue clarity,2024-06-18,21
Silver 500 7G,extremely satisfied,Excellent tower speakers with outstanding dynamics,2024-08-15,43
SL-1500C Turntable,extremely satisfied,Outstanding direct drive turntable with incredible build quality,2024-05-18,39
Sopra No1,extremely satisfied,Reference quality with beryllium tweeter - absolutely stunning,2024-01-15,58
Speaker Wire 12AWG,works as described,Good quality speaker wire with solid construction,2024-07-23,12
SR325x Headphones,satisfied,Good open-back headphones with decent soundstage,2024-03-12,32
SR5015,works as described,Decent receiver with adequate features,2024-04-05,27
SR6015,satisfied,Good receiver with solid performance,2024-02-26,31
SR7015,extremely satisfied,Excellent receiver with outstanding room correction,2024-06-09,40
SR8012,satisfied,Good high-end receiver but complex interface,2024-08-03,34
SR8015,extremely satisfied,Outstanding flagship receiver with incredible processing,2024-05-15,46
Studio 590,extremely satisfied,Outstanding tower speakers with incredible dynamics,2024-01-13,43
Studio 698,extremely satisfied,Reference quality towers with stunning detail,2024-07-20,48
Synchrony T600,extremely satisfied,Incredible tower speakers with outstanding build quality,2024-03-08,41
Tube Box S2,satisfied,Good tube phono preamp with decent warmth,2024-04-23,24
TX-NR5100,works as described,Decent receiver with good connectivity options,2024-02-10,28
TX-NR6050,satisfied,Good receiver with solid performance,2024-06-04,32
TX-NR696,satisfied,Good mid-range receiver with decent features,2024-08-16,29
TX-NR7100,extremely satisfied,Excellent receiver with outstanding room correction,2024-05-23,41
TX-RZ3400,extremely satisfied,Outstanding high-end receiver with incredible processing,2024-01-06,45
TX-RZ50,extremely satisfied,Flagship quality with stunning performance,2024-07-31,52
TX-SR494,works as described,Adequate entry-level receiver with basic features,2024-03-19,19
Ultima2 Salon2,extremely satisfied,Reference quality with incredible detail and dynamics,2024-04-17,61
Ultra Bookshelf,satisfied,Good bookshelf speakers with solid build quality,2024-02-24,30
Ultra Evolution Bookshelf,extremely satisfied,Outstanding evolution with incredible detail,2024-06-03,44
Ultra Evolution Pinnacle,extremely satisfied,Reference quality with breathtaking dynamics,2024-08-17,59
Uni-Fi 2.0 UB52,works as described,Decent bookshelf speakers with good value,2024-05-02,25
Uni-Fi Reference UBR62,satisfied,Good bookshelf speakers with solid performance,2024-01-19,33
Uniti Atom,extremely satisfied,Perfect all-in-one with incredible streaming and amplification,2024-07-15,42
Utopia III Scala Evo,extremely satisfied,Legendary beryllium sound with modern refinement,2024-03-23,67
XA25 Amp,extremely satisfied,Incredible Class A sound with stunning clarity and warmth,2024-04-20,38
ZEN DAC V2,extremely satisfied,Outstanding portable DAC with incredible performance,2024-02-27,31